,PC1,PC2,Niche
E. alba B35,-38.89871030254279,3.5005821620193265,wildlife
E. albertii Sample 167,-0.27871767108420464,-13.771055759611386,poultry
E. coli K-12 MG1655,5.567382753072402,1.5833012093991137,lab
E. coli O157:H7 Sakai,5.236273525005728,1.48075867107986,human_pathogen
E. fergusonii FDAARGOS_1499,-3.4849233650023708,0.09825866254790774,environment
E. marmotae H1-003-0086-C-F,4.764823077167649,4.367689810923847,wildlife
E. marmotae YF8,4.924735687963106,4.3364501741680765,wildlife
E. ruysiae AB136,5.836664676306286,2.832842655182633,environment
E. ruysiae C61-1,5.671923953171008,3.1103041142979033,environment
E. whittamii C2-3,5.529721688875762,3.156802800607573,wildlife
E. albertii BIA_5-2,-0.3759790402582183,-13.80385550755398,poultry
E. sp. Sa2BVA5,5.5068050173256,3.1079210069391254,unknown
