filename,isolation_source,host_species,country,collection_date
1280.35615.fna,Swab from ear,Homo sapiens,Kazakhstan,2021-06-10
1280.35616.fna,Swab from Wound,Homo sapiens,Kazakhstan,2021-06-18
1282.4566.fna,Swab from ear,Homo sapiens,Kazakhstan,2021-06-10
1280.39427.fna,nasal swab,Homo sapiens,China,2018-12-20
1280.53115.fna,blood,Homo sapiens,USA,2021-10-08
1280.5324.fna,blood,Homo sapiens,USA,2022-01-05
1280.53241.fna,blood,Homo sapiens,USA,2022-01-13
1280.53227.fna,blood,Homo sapiens,USA,2018-08-05
1280.53239.fna,blood,Homo sapiens,USA,2022-01-10
1280.53145.fna,blood,Homo sapiens,USA,2021-09-14
1280.53255.fna,blood,Homo sapiens,USA,2018-09-28
1280.53256.fna,blood,Homo sapiens,USA,2021-11-09
1280.53254.fna,blood,Homo sapiens,USA,2021-11-03
1280.5325.fna,blood,Homo sapiens,USA,2021-11-11
1280.53253.fna,blood,Homo sapiens,USA,2022-01-14
1280.53257.fna,blood,Homo sapiens,USA,2021-11-17
1280.53259.fna,blood,Homo sapiens,USA,2021-11-08
1280.53258.fna,blood,Homo sapiens,USA,2021-08-01
1280.53252.fna,blood,Homo sapiens,USA,2020-10-12
1280.53138.fna,blood,Homo sapiens,USA,2021-08-13
1280.53228.fna,blood,Homo sapiens,USA,2018-11-05
1280.1656.fna,Antonio Pedro University Hospital,Homo sapiens newborn,Brazil,2009-01-01
1280.49525.fna,clinical,Homo sapiens,Kenya,2020-01-01
1280.49551.fna,clinical,Homo sapiens,Kenya,2022-01-01
1280.49572.fna,clinical,Homo sapiens,Kenya,2016-01-01
