genome_name	assembly_id	host_species	country	isolation_source	collection_date	has_genome_file
Staphylococcus aureus strain SCAID OTT1-2021 (597/2)	1280.35615	Homo sapiens	Kazakhstan	Swab from ear	2021-06-10	True
Staphylococcus aureus strain SCAID WND1-2021 (598)	1280.35616	Homo sapiens	Kazakhstan	Swab from Wound	2021-06-18	True
Staphylococcus epidermidis strain SCAID OTT1-2021 (597)	1282.4566	Homo sapiens	Kazakhstan	Swab from ear	2021-06-10	True
Staphylococcus aureus 697	1280.39427	Homo sapiens	China	nasal swab	2018-12-20	True
Staphylococcus aureus BSN140	1280.53115	Homo sapiens	USA	blood	2021-10-08	True
Staphylococcus aureus BSN180	1280.53240	Homo sapiens	USA	blood	2022-01-05	True
Staphylococcus aureus BSN182	1280.53241	Homo sapiens	USA	blood	2022-01-13	True
Staphylococcus aureus BSN213	1280.53227	Homo sapiens	USA	blood	2018-08-05	True
Staphylococcus aureus BSN181	1280.53239	Homo sapiens	USA	blood	2022-01-10	True
Staphylococcus aureus BSN125-2	1280.53145	Homo sapiens	USA	blood	2021-09-14	True
Staphylococcus aureus BSN55	1280.53255	Homo sapiens	USA	blood	2018-09-28	True
Staphylococcus aureus BSN154	1280.53256	Homo sapiens	USA	blood	2021-11-09	True
Staphylococcus aureus BSN151	1280.53254	Homo sapiens	USA	blood	2021-11-03	True
Staphylococcus aureus BSN158	1280.53250	Homo sapiens	USA	blood	2021-11-11	True
Staphylococcus aureus BSN183	1280.53253	Homo sapiens	USA	blood	2022-01-14	True
Staphylococcus aureus BSN164	1280.53257	Homo sapiens	USA	blood	2021-11-17	True
Staphylococcus aureus BSN157	1280.53259	Homo sapiens	USA	blood	2021-11-08	True
Staphylococcus aureus BSN91	1280.53258	Homo sapiens	USA	blood	2021-08-01	True
Staphylococcus aureus BSN47-2	1280.53252	Homo sapiens	USA	blood	2020-10-12	True
Staphylococcus aureus BSN100	1280.53138	Homo sapiens	USA	blood	2021-08-13	True
Staphylococcus aureus BSN214	1280.53228	Homo sapiens	USA	blood	2018-11-05	True
Staphylococcus aureus strain 13420	1280.16560	Homo sapiens newborn	Brazil	Antonio Pedro University Hospital	2009-01-01	True
Staphylococcus aureus Sau103	1280.49525	Homo sapiens	Kenya	clinical	2020-01-01	True
Staphylococcus aureus Sau42	1280.49551	Homo sapiens	Kenya	clinical	2022-01-01	True
Staphylococcus aureus Sau9	1280.49572	Homo sapiens	Kenya	clinical	2016-01-01	True
