genome_path	assembly_id	genome_name	isolation_source	collection_date
/mnt/c/Users/anyag/bioinfo_project_folder/Staphylococcus/data/raw_genomes/1280.35615.fna	1280.35615	Staphylococcus aureus strain SCAID OTT1-2021 (597/2)	Swab from ear	2021-06-10
/mnt/c/Users/anyag/bioinfo_project_folder/Staphylococcus/data/raw_genomes/1280.35616.fna	1280.35616	Staphylococcus aureus strain SCAID WND1-2021 (598)	Swab from Wound	2021-06-18
/mnt/c/Users/anyag/bioinfo_project_folder/Staphylococcus/data/raw_genomes/1282.4566.fna	1282.4566	Staphylococcus epidermidis strain SCAID OTT1-2021 (597)	Swab from ear	2021-06-10
/mnt/c/Users/anyag/bioinfo_project_folder/Staphylococcus/data/raw_genomes/1280.39427.fna	1280.39427	Staphylococcus aureus 697	nasal swab	2018-12-20
/mnt/c/Users/anyag/bioinfo_project_folder/Staphylococcus/data/raw_genomes/1280.53115.fna	1280.53115	Staphylococcus aureus BSN140	blood	2021-10-08
/mnt/c/Users/anyag/bioinfo_project_folder/Staphylococcus/data/raw_genomes/1280.5324.fna	1280.5324	Staphylococcus aureus BSN180	blood	2022-01-05
/mnt/c/Users/anyag/bioinfo_project_folder/Staphylococcus/data/raw_genomes/1280.53241.fna	1280.53241	Staphylococcus aureus BSN182	blood	2022-01-13
/mnt/c/Users/anyag/bioinfo_project_folder/Staphylococcus/data/raw_genomes/1280.53227.fna	1280.53227	Staphylococcus aureus BSN213	blood	2018-08-05
/mnt/c/Users/anyag/bioinfo_project_folder/Staphylococcus/data/raw_genomes/1280.53239.fna	1280.53239	Staphylococcus aureus BSN181	blood	2022-01-10
/mnt/c/Users/anyag/bioinfo_project_folder/Staphylococcus/data/raw_genomes/1280.53145.fna	1280.53145	Staphylococcus aureus BSN125-2	blood	2021-09-14
/mnt/c/Users/anyag/bioinfo_project_folder/Staphylococcus/data/raw_genomes/1280.53255.fna	1280.53255	Staphylococcus aureus BSN55	blood	2018-09-28
/mnt/c/Users/anyag/bioinfo_project_folder/Staphylococcus/data/raw_genomes/1280.53256.fna	1280.53256	Staphylococcus aureus BSN154	blood	2021-11-09
/mnt/c/Users/anyag/bioinfo_project_folder/Staphylococcus/data/raw_genomes/1280.53254.fna	1280.53254	Staphylococcus aureus BSN151	blood	2021-11-03
/mnt/c/Users/anyag/bioinfo_project_folder/Staphylococcus/data/raw_genomes/1280.5325.fna	1280.5325	Staphylococcus aureus BSN158	blood	2021-11-11
/mnt/c/Users/anyag/bioinfo_project_folder/Staphylococcus/data/raw_genomes/1280.53253.fna	1280.53253	Staphylococcus aureus BSN183	blood	2022-01-14
/mnt/c/Users/anyag/bioinfo_project_folder/Staphylococcus/data/raw_genomes/1280.53257.fna	1280.53257	Staphylococcus aureus BSN164	blood	2021-11-17
/mnt/c/Users/anyag/bioinfo_project_folder/Staphylococcus/data/raw_genomes/1280.53259.fna	1280.53259	Staphylococcus aureus BSN157	blood	2021-11-08
/mnt/c/Users/anyag/bioinfo_project_folder/Staphylococcus/data/raw_genomes/1280.53258.fna	1280.53258	Staphylococcus aureus BSN91	blood	2021-08-01
/mnt/c/Users/anyag/bioinfo_project_folder/Staphylococcus/data/raw_genomes/1280.53252.fna	1280.53252	Staphylococcus aureus BSN47-2	blood	2020-10-12
/mnt/c/Users/anyag/bioinfo_project_folder/Staphylococcus/data/raw_genomes/1280.53138.fna	1280.53138	Staphylococcus aureus BSN100	blood	2021-08-13
/mnt/c/Users/anyag/bioinfo_project_folder/Staphylococcus/data/raw_genomes/1280.53228.fna	1280.53228	Staphylococcus aureus BSN214	blood	2018-11-05
/mnt/c/Users/anyag/bioinfo_project_folder/Staphylococcus/data/raw_genomes/1280.1656.fna	1280.1656	Staphylococcus aureus strain 13420	Antonio Pedro University Hospital	2009-01-01
/mnt/c/Users/anyag/bioinfo_project_folder/Staphylococcus/data/raw_genomes/1280.49525.fna	1280.49525	Staphylococcus aureus Sau103	clinical	2020-01-01
/mnt/c/Users/anyag/bioinfo_project_folder/Staphylococcus/data/raw_genomes/1280.49551.fna	1280.49551	Staphylococcus aureus Sau42	clinical	2022-01-01
/mnt/c/Users/anyag/bioinfo_project_folder/Staphylococcus/data/raw_genomes/1280.49572.fna	1280.49572	Staphylococcus aureus Sau9	clinical	2016-01-01
