assembly_id	genome_name	isolation_source	collection_date	genome_path	sequence_count	total_length	gc_content
1280.35615	Staphylococcus aureus strain SCAID OTT1-2021 (597/2)	Swab from ear	2021-06-10	/mnt/c/Users/anyag/bioinfo_project_folder/Staphylococcus/data/raw_genomes/1280.35615.fna	2	2771008	32.91
1280.35616	Staphylococcus aureus strain SCAID WND1-2021 (598)	Swab from Wound	2021-06-18	/mnt/c/Users/anyag/bioinfo_project_folder/Staphylococcus/data/raw_genomes/1280.35616.fna	1	2889511	32.83
1282.4566	Staphylococcus epidermidis strain SCAID OTT1-2021 (597)	Swab from ear	2021-06-10	/mnt/c/Users/anyag/bioinfo_project_folder/Staphylococcus/data/raw_genomes/1282.4566.fna	4	2161423	32.24
1280.39427	Staphylococcus aureus 697	nasal swab	2018-12-20	/mnt/c/Users/anyag/bioinfo_project_folder/Staphylococcus/data/raw_genomes/1280.39427.fna	1	2797342	32.91
1280.53115	Staphylococcus aureus BSN140	blood	2021-10-08	/mnt/c/Users/anyag/bioinfo_project_folder/Staphylococcus/data/raw_genomes/1280.53115.fna	2	2722112	32.82
1280.5324	Staphylococcus aureus BSN180	blood	2022-01-05	/mnt/c/Users/anyag/bioinfo_project_folder/Staphylococcus/data/raw_genomes/1280.5324.fna	0	0	
1280.53241	Staphylococcus aureus BSN182	blood	2022-01-13	/mnt/c/Users/anyag/bioinfo_project_folder/Staphylococcus/data/raw_genomes/1280.53241.fna	1	2813540	32.84
1280.53227	Staphylococcus aureus BSN213	blood	2018-08-05	/mnt/c/Users/anyag/bioinfo_project_folder/Staphylococcus/data/raw_genomes/1280.53227.fna	6	2989665	32.89
1280.53239	Staphylococcus aureus BSN181	blood	2022-01-10	/mnt/c/Users/anyag/bioinfo_project_folder/Staphylococcus/data/raw_genomes/1280.53239.fna	3	2926117	32.82
1280.53145	Staphylococcus aureus BSN125-2	blood	2021-09-14	/mnt/c/Users/anyag/bioinfo_project_folder/Staphylococcus/data/raw_genomes/1280.53145.fna	1	2913135	32.93
1280.53255	Staphylococcus aureus BSN55	blood	2018-09-28	/mnt/c/Users/anyag/bioinfo_project_folder/Staphylococcus/data/raw_genomes/1280.53255.fna	2	2718155	32.89
1280.53256	Staphylococcus aureus BSN154	blood	2021-11-09	/mnt/c/Users/anyag/bioinfo_project_folder/Staphylococcus/data/raw_genomes/1280.53256.fna	2	2800185	32.78
1280.53254	Staphylococcus aureus BSN151	blood	2021-11-03	/mnt/c/Users/anyag/bioinfo_project_folder/Staphylococcus/data/raw_genomes/1280.53254.fna	2	2766617	32.82
1280.5325	Staphylococcus aureus BSN158	blood	2021-11-11	/mnt/c/Users/anyag/bioinfo_project_folder/Staphylococcus/data/raw_genomes/1280.5325.fna	0	0	
1280.53253	Staphylococcus aureus BSN183	blood	2022-01-14	/mnt/c/Users/anyag/bioinfo_project_folder/Staphylococcus/data/raw_genomes/1280.53253.fna	3	2846236	32.86
1280.53257	Staphylococcus aureus BSN164	blood	2021-11-17	/mnt/c/Users/anyag/bioinfo_project_folder/Staphylococcus/data/raw_genomes/1280.53257.fna	2	2774529	32.79
1280.53259	Staphylococcus aureus BSN157	blood	2021-11-08	/mnt/c/Users/anyag/bioinfo_project_folder/Staphylococcus/data/raw_genomes/1280.53259.fna	2	2888113	32.9
1280.53258	Staphylococcus aureus BSN91	blood	2021-08-01	/mnt/c/Users/anyag/bioinfo_project_folder/Staphylococcus/data/raw_genomes/1280.53258.fna	3	2824853	32.76
1280.53252	Staphylococcus aureus BSN47-2	blood	2020-10-12	/mnt/c/Users/anyag/bioinfo_project_folder/Staphylococcus/data/raw_genomes/1280.53252.fna	4	2951492	32.76
1280.53138	Staphylococcus aureus BSN100	blood	2021-08-13	/mnt/c/Users/anyag/bioinfo_project_folder/Staphylococcus/data/raw_genomes/1280.53138.fna	3	2984531	32.82
1280.53228	Staphylococcus aureus BSN214	blood	2018-11-05	/mnt/c/Users/anyag/bioinfo_project_folder/Staphylococcus/data/raw_genomes/1280.53228.fna	3	2935504	32.78
1280.1656	Staphylococcus aureus strain 13420	Antonio Pedro University Hospital	2009-01-01	/mnt/c/Users/anyag/bioinfo_project_folder/Staphylococcus/data/raw_genomes/1280.1656.fna	0	0	
1280.49525	Staphylococcus aureus Sau103	clinical	2020-01-01	/mnt/c/Users/anyag/bioinfo_project_folder/Staphylococcus/data/raw_genomes/1280.49525.fna	2	2884176	32.86
1280.49551	Staphylococcus aureus Sau42	clinical	2022-01-01	/mnt/c/Users/anyag/bioinfo_project_folder/Staphylococcus/data/raw_genomes/1280.49551.fna	2	2815574	32.9
1280.49572	Staphylococcus aureus Sau9	clinical	2016-01-01	/mnt/c/Users/anyag/bioinfo_project_folder/Staphylococcus/data/raw_genomes/1280.49572.fna	1	3071551	32.83
