filename,host_species,country,isolation_source,collection_date
1280.35615.fna,Homo sapiens,Kazakhstan,Swab from ear,2021-06-10
1280.35616.fna,Homo sapiens,Kazakhstan,Swab from Wound,2021-06-18
1282.4566.fna,Homo sapiens,Kazakhstan,Swab from ear,2021-06-10
1280.39427.fna,Homo sapiens,China,nasal swab,2018-12-20
1280.53115.fna,Homo sapiens,USA,blood,2021-10-08
1280.53240.fna,Homo sapiens,USA,blood,2022-01-05
1280.53241.fna,Homo sapiens,USA,blood,2022-01-13
1280.53227.fna,Homo sapiens,USA,blood,2018-08-05
1280.53239.fna,Homo sapiens,USA,blood,2022-01-10
1280.53145.fna,Homo sapiens,USA,blood,2021-09-14
1280.53255.fna,Homo sapiens,USA,blood,2018-09-28
1280.53256.fna,Homo sapiens,USA,blood,2021-11-09
1280.53254.fna,Homo sapiens,USA,blood,2021-11-03
1280.53250.fna,Homo sapiens,USA,blood,2021-11-11
1280.53253.fna,Homo sapiens,USA,blood,2022-01-14
1280.53257.fna,Homo sapiens,USA,blood,2021-11-17
1280.53259.fna,Homo sapiens,USA,blood,2021-11-08
1280.53258.fna,Homo sapiens,USA,blood,2021-08-01
1280.53252.fna,Homo sapiens,USA,blood,2020-10-12
1280.53138.fna,Homo sapiens,USA,blood,2021-08-13
1280.53228.fna,Homo sapiens,USA,blood,2018-11-05
1280.16560.fna,Homo sapiens newborn,Brazil,Antonio Pedro University Hospital,2009-01-01
1280.49525.fna,Homo sapiens,Kenya,clinical,2020-01-01
1280.49551.fna,Homo sapiens,Kenya,clinical,2022-01-01
1280.49572.fna,Homo sapiens,Kenya,clinical,2016-01-01
1280.5324.fna,Homo sapiens,USA,blood,2021-11-01
1280.5325.fna,Homo sapiens,USA,blood,2021-11-02
1280.1656.fna,Homo sapiens,Brazil,hospital isolate,2009-01-01
